<metadata xml:lang="en"><Esri><CreaDate>20130610</CreaDate><CreaTime>15441700</CreaTime><ArcGISFormat>1.0</ArcGISFormat><ArcGISstyle>FGDC CSDGM Metadata</ArcGISstyle><SyncOnce>FALSE</SyncOnce><DataProperties><lineage><Process ToolSource="c:\program files (x86)\arcgis\desktop10.1\ArcToolbox\Toolboxes\Data Management Tools.tbx\CalculateField" Date="20130610" Time="112409" Name="" export="">CalculateField SDMI-IFSAR-STATUS_geocell_id_tagged DSM "www.ifsar.gina.alaska.edu/data/2010/DSM/" VB #</Process><Process ToolSource="c:\program files (x86)\arcgis\desktop10.1\ArcToolbox\Toolboxes\Data Management Tools.tbx\CalculateField" Date="20130610" Time="112502" Name="" export="">CalculateField SDMI-IFSAR-STATUS_geocell_id_tagged DSM "http://ifsar.gina.alaska.edu/data/2010/DSM/" VB #</Process><Process ToolSource="c:\program files (x86)\arcgis\desktop10.1\ArcToolbox\Toolboxes\Data Management Tools.tbx\CalculateField" Date="20130610" Time="143040" Name="" export="">CalculateField SDMI-IFSAR-STATUS_geocell_id_tagged DSM "" VB #</Process><Process ToolSource="c:\program files (x86)\arcgis\desktop10.1\ArcToolbox\Toolboxes\Data Management Tools.tbx\CalculateField" Date="20130610" Time="143126" Name="" export="">CalculateField SDMI-IFSAR-STATUS_geocell_id_tagged status "EDGE" VB #</Process><Process ToolSource="c:\program files (x86)\arcgis\desktop10.1\ArcToolbox\Toolboxes\Data Management Tools.tbx\CalculateField" Date="20130610" Time="144944" Name="" export="">CalculateField SDMI-IFSAR-STATUS_geocell_id_tagged DTM [DSM] VB #</Process><Process ToolSource="c:\program files (x86)\arcgis\desktop10.1\ArcToolbox\Toolboxes\Data Management Tools.tbx\CalculateField" Date="20130610" Time="145003" Name="" export="">CalculateField SDMI-IFSAR-STATUS_geocell_id_tagged ORI [DSM] VB #</Process><Process ToolSource="c:\program files (x86)\arcgis\desktop10.1\ArcToolbox\Toolboxes\Data Management Tools.tbx\CalculateField" Date="20130610" Time="145021" Name="" export="">CalculateField SDMI-IFSAR-STATUS_geocell_id_tagged ORI "" VB #</Process></lineage><itemProps><itemLocation><linkage Sync="TRUE">file://\\FLECHA-PC\C$\Users\Pete\Documents\GitHub\projects\sdmi-ifsar\layers\general\SDMI-IFSAR-STATUS.shp</linkage><protocol Sync="TRUE">Local Area Network</protocol></itemLocation><itemName Sync="TRUE">SDMI-IFSAR-STATUS</itemName><imsContentType Sync="TRUE">002</imsContentType><nativeExtBox><westBL Sync="TRUE">-2245186.101700</westBL><eastBL Sync="TRUE">1541976.382500</eastBL><southBL Sync="TRUE">322444.163700</southBL><northBL Sync="TRUE">2447185.320900</northBL><exTypeCode Sync="TRUE">1</exTypeCode></nativeExtBox><itemSize Sync="TRUE">0.551</itemSize></itemProps><copyHistory><copy source="Z:\IFSAR.SDMI.ELEV\SDMI-IFSAR-STATUS_geocell_id_tagged" dest="\\FLECHA-PC\C$\Users\Pete\Documents\GitHub\projects\sdmi-ifsar\layers\general\SDMI-IFSAR-STATUS_geocell_id_tagged" date="20130610" time="15441700"/></copyHistory><coordRef><type Sync="TRUE">Projected</type><geogcsn Sync="TRUE">GCS_North_American_1983</geogcsn><csUnits Sync="TRUE">Linear Unit: Meter (1.000000)</csUnits><projcsn Sync="TRUE">NAD83_Alaska_Albers</projcsn><peXml Sync="TRUE">&lt;ProjectedCoordinateSystem xsi:type='typens:ProjectedCoordinateSystem' xmlns:xsi='http://www.w3.org/2001/XMLSchema-instance' xmlns:xs='http://www.w3.org/2001/XMLSchema' xmlns:typens='http://www.esri.com/schemas/ArcGIS/10.1'&gt;&lt;WKT&gt;PROJCS[&amp;quot;NAD83_Alaska_Albers&amp;quot;,GEOGCS[&amp;quot;GCS_North_American_1983&amp;quot;,DATUM[&amp;quot;D_North_American_1983&amp;quot;,SPHEROID[&amp;quot;GRS_1980&amp;quot;,6378137.0,298.257222101]],PRIMEM[&amp;quot;Greenwich&amp;quot;,0.0],UNIT[&amp;quot;Degree&amp;quot;,0.0174532925199433]],PROJECTION[&amp;quot;Albers&amp;quot;],PARAMETER[&amp;quot;false_easting&amp;quot;,0.0],PARAMETER[&amp;quot;false_northing&amp;quot;,0.0],PARAMETER[&amp;quot;central_meridian&amp;quot;,-154.0],PARAMETER[&amp;quot;standard_parallel_1&amp;quot;,55.0],PARAMETER[&amp;quot;standard_parallel_2&amp;quot;,65.0],PARAMETER[&amp;quot;latitude_of_origin&amp;quot;,50.0],UNIT[&amp;quot;Meter&amp;quot;,1.0]]&lt;/WKT&gt;&lt;XOrigin&gt;-13752200&lt;/XOrigin&gt;&lt;YOrigin&gt;-8948200&lt;/YOrigin&gt;&lt;XYScale&gt;327482121.21482342&lt;/XYScale&gt;&lt;ZOrigin&gt;-100000&lt;/ZOrigin&gt;&lt;ZScale&gt;10000&lt;/ZScale&gt;&lt;MOrigin&gt;-100000&lt;/MOrigin&gt;&lt;MScale&gt;10000&lt;/MScale&gt;&lt;XYTolerance&gt;0.001&lt;/XYTolerance&gt;&lt;ZTolerance&gt;0.001&lt;/ZTolerance&gt;&lt;MTolerance&gt;0.001&lt;/MTolerance&gt;&lt;HighPrecision&gt;true&lt;/HighPrecision&gt;&lt;/ProjectedCoordinateSystem&gt;</peXml></coordRef></DataProperties><SyncDate>20130610</SyncDate><SyncTime>15522400</SyncTime><ModDate>20130610</ModDate><ModTime>15522400</ModTime><scaleRange><minScale>5000000</minScale><maxScale>5000</maxScale></scaleRange><ArcGISProfile>FGDC</ArcGISProfile></Esri><dataIdInfo><envirDesc Sync="TRUE">Microsoft Windows 7 Version 6.1 (Build 7601) Service Pack 1; Esri ArcGIS 10.1.1.3143</envirDesc><dataLang><languageCode value="eng" Sync="TRUE"/><countryCode value="USA" Sync="TRUE"/></dataLang><idCitation><resTitle Sync="TRUE">SDMI-IFSAR-STATUS</resTitle><presForm><PresFormCd value="005" Sync="TRUE"/></presForm></idCitation><spatRpType><SpatRepTypCd value="001" Sync="TRUE"/></spatRpType><dataExt><geoEle xmlns=""><GeoBndBox esriExtentType="search"><exTypeCode Sync="TRUE">1</exTypeCode><westBL Sync="TRUE">-180.000000</westBL><eastBL Sync="TRUE">180.000000</eastBL><northBL Sync="TRUE">72.039541</northBL><southBL Sync="TRUE">48.104247</southBL></GeoBndBox></geoEle></dataExt><idPurp>Tile index for the 2010 Alaska IFSAR collection. Includes attributes containing links to download these source raster data.</idPurp><idAbs>&lt;DIV STYLE="text-align:Left;"&gt;&lt;DIV&gt;&lt;P&gt;&lt;SPAN&gt;The Alaska IFSAR collection overview: 157,000 square-kilometers of airborne IfSAR data were flown summer of 2010. An additional 210,725 square-kilometers of restrictively licensed IfSAR-derived DEM data collected in 2012 will be uplifted into the public domain through this contract. Alaska Statewide IFSAR Status Map Dewberry is the prime contractor for the $6 million project being administered by the USGS through their GPSC vehicle. Fugro Earthdata and Intermap have each flown and processed half of the 2010 acquisitions. Major funding contributors include the National Geospatial-Intelligence Agency (NGA), State of Alaska, and USGS. Supporting contributors include the Natural Resources Conservation Service (NRCS), Bureau of Land Management (BLM), and National Park Service. These data consists of three products: Bare-earth DEM (DTM), Surface DEM (DSM), and an orthorectified radar intensity image (ORI). The elevation models have a 5-meter post spacing, 22-foot contour equivalent accuracy, vertical accuracy of 3-meter LE90 (0-10 degree slope) and horizontal accuracy of 12.2-meter CE90. All datasets have been processed and delivered in Alaska Albers Equal Area Conic (EPSG:3338), NAD83 horizontal datum and NAVD88 vertical datum. These source raster data includes FGDC Metadata, hydrologic enforcement, quality masks, and no more than 3% of void fill. More information and links to download these source data can be found at http://ifsar.gina.alaska.edu&lt;/SPAN&gt;&lt;/P&gt;&lt;/DIV&gt;&lt;/DIV&gt;</idAbs><idCredit>Geographic Information Network of Alaska (GINA), 909 Koyukuk Drive, University of Alaska Fairbanks, 99775 www.gina.alaska.edu</idCredit><searchKeys><keyword>Alaska</keyword><keyword>DEM</keyword><keyword>DSM</keyword><keyword>DTM</keyword><keyword>GINA</keyword><keyword>IFSAR</keyword><keyword>ORI</keyword><keyword>SDMI</keyword><keyword>Topography</keyword></searchKeys></dataIdInfo><mdLang><languageCode value="eng" Sync="TRUE"/><countryCode value="USA" Sync="TRUE"/></mdLang><mdChar><CharSetCd value="004" Sync="TRUE"/></mdChar><distInfo><distFormat><formatName Sync="TRUE">Shapefile</formatName></distFormat><distTranOps><transSize Sync="TRUE">0.551</transSize></distTranOps></distInfo><mdHrLv><ScopeCd value="005" Sync="TRUE"/></mdHrLv><mdHrLvName Sync="TRUE">dataset</mdHrLvName><refSysInfo><RefSystem><refSysID><identCode code="0" Sync="TRUE"/></refSysID></RefSystem></refSysInfo><spatRepInfo><VectSpatRep><geometObjs Name="SDMI-IFSAR-STATUS"><geoObjTyp><GeoObjTypCd value="002" Sync="TRUE"></GeoObjTypCd></geoObjTyp><geoObjCnt Sync="TRUE">427</geoObjCnt></geometObjs><topLvl><TopoLevCd value="001" Sync="TRUE"></TopoLevCd></topLvl></VectSpatRep></spatRepInfo><spdoinfo><ptvctinf><esriterm Name="SDMI-IFSAR-STATUS"><efeatyp Sync="TRUE">Simple</efeatyp><efeageom code="4" Sync="TRUE"></efeageom><esritopo Sync="TRUE">FALSE</esritopo><efeacnt Sync="TRUE">427</efeacnt><spindex Sync="TRUE">FALSE</spindex><linrefer Sync="TRUE">FALSE</linrefer></esriterm></ptvctinf></spdoinfo><eainfo><detailed Name="SDMI-IFSAR-STATUS"><enttyp><enttypl Sync="TRUE">SDMI-IFSAR-STATUS</enttypl><enttypt Sync="TRUE">Feature Class</enttypt><enttypc Sync="TRUE">427</enttypc></enttyp><attr><attrlabl Sync="TRUE">FID</attrlabl><attalias Sync="TRUE">FID</attalias><attrtype Sync="TRUE">OID</attrtype><attwidth Sync="TRUE">4</attwidth><atprecis Sync="TRUE">0</atprecis><attscale Sync="TRUE">0</attscale><attrdef Sync="TRUE">Internal feature number.</attrdef><attrdefs Sync="TRUE">Esri</attrdefs><attrdomv><udom Sync="TRUE">Sequential unique whole numbers that are automatically generated.</udom></attrdomv></attr><attr><attrlabl Sync="TRUE">Shape</attrlabl><attalias Sync="TRUE">Shape</attalias><attrtype Sync="TRUE">Geometry</attrtype><attwidth Sync="TRUE">0</attwidth><atprecis Sync="TRUE">0</atprecis><attscale Sync="TRUE">0</attscale><attrdef Sync="TRUE">Feature geometry.</attrdef><attrdefs Sync="TRUE">Esri</attrdefs><attrdomv><udom Sync="TRUE">Coordinates defining the features.</udom></attrdomv></attr><attr><attrlabl Sync="TRUE">NUM_2010</attrlabl><attalias Sync="TRUE">NUM_2010</attalias><attrtype Sync="TRUE">Single</attrtype><attwidth Sync="TRUE">5</attwidth><atprecis Sync="TRUE">4</atprecis><attscale Sync="TRUE">2</attscale></attr><attr><attrlabl Sync="TRUE">NUM_2011</attrlabl><attalias Sync="TRUE">NUM_2011</attalias><attrtype Sync="TRUE">Single</attrtype><attwidth Sync="TRUE">6</attwidth><atprecis Sync="TRUE">5</atprecis><attscale Sync="TRUE">2</attscale></attr><attr><attrlabl Sync="TRUE">PRIORITY</attrlabl><attalias Sync="TRUE">PRIORITY</attalias><attrtype Sync="TRUE">String</attrtype><attwidth Sync="TRUE">16</attwidth><atprecis Sync="TRUE">0</atprecis><attscale Sync="TRUE">0</attscale></attr><attr><attrlabl Sync="TRUE">YEAR</attrlabl><attalias Sync="TRUE">YEAR</attalias><attrtype Sync="TRUE">String</attrtype><attwidth Sync="TRUE">4</attwidth><atprecis Sync="TRUE">0</atprecis><attscale Sync="TRUE">0</attscale></attr><attr><attrlabl Sync="TRUE">STATUS</attrlabl><attalias Sync="TRUE">STATUS</attalias><attrtype Sync="TRUE">String</attrtype><attwidth Sync="TRUE">100</attwidth><atprecis Sync="TRUE">0</atprecis><attscale Sync="TRUE">0</attscale></attr><attr><attrlabl Sync="TRUE">DEG_LON</attrlabl><attalias Sync="TRUE">DEG_LON</attalias><attrtype Sync="TRUE">Single</attrtype><attwidth Sync="TRUE">7</attwidth><atprecis Sync="TRUE">6</atprecis><attscale Sync="TRUE">2</attscale></attr><attr><attrlabl Sync="TRUE">DEG_LAT</attrlabl><attalias Sync="TRUE">DEG_LAT</attalias><attrtype Sync="TRUE">Single</attrtype><attwidth Sync="TRUE">5</attwidth><atprecis Sync="TRUE">4</atprecis><attscale Sync="TRUE">2</attscale></attr><attr><attrlabl Sync="TRUE">GEOCELL_ID</attrlabl><attalias Sync="TRUE">GEOCELL_ID</attalias><attrtype Sync="TRUE">String</attrtype><attwidth Sync="TRUE">10</attwidth><atprecis Sync="TRUE">0</atprecis><attscale Sync="TRUE">0</attscale></attr><attr><attrlabl Sync="TRUE">DSM</attrlabl><attalias Sync="TRUE">DSM</attalias><attrtype Sync="TRUE">String</attrtype><attwidth Sync="TRUE">100</attwidth><atprecis Sync="TRUE">0</atprecis><attscale Sync="TRUE">0</attscale></attr><attr><attrlabl Sync="TRUE">DTM</attrlabl><attalias Sync="TRUE">DTM</attalias><attrtype Sync="TRUE">String</attrtype><attwidth Sync="TRUE">100</attwidth><atprecis Sync="TRUE">0</atprecis><attscale Sync="TRUE">0</attscale></attr><attr><attrlabl Sync="TRUE">ORI</attrlabl><attalias Sync="TRUE">ORI</attalias><attrtype Sync="TRUE">String</attrtype><attwidth Sync="TRUE">100</attwidth><atprecis Sync="TRUE">0</atprecis><attscale Sync="TRUE">0</attscale></attr></detailed></eainfo><mdDateSt Sync="TRUE">20130610</mdDateSt></metadata>
